{"cameraMode":{"drawMode":0,"name":"Shaded","section":"Shading Mode"},"sceneLighting":true,"audioPlay":false,"sceneViewState":{"m_AlwaysRefresh":false,"showFog":true,"showSkybox":true,"showFlares":true,"showImageEffects":true,"showParticleSystems":true,"showVisualEffectGraphs":true,"m_FxEnabled":true},"in2DMode":false,"pivot":{"x":-0.12882886826992036,"y":0.31262949109077456,"z":0.4916049838066101},"rotation":{"x":0.006544599775224924,"y":0.6864284873008728,"z":-0.006177830975502729,"w":0.7271456718444824},"size":5.306157112121582,"orthographic":true}