{"cameraMode":{"drawMode":0,"name":"Shaded","section":"Shading Mode"},"sceneLighting":true,"audioPlay":false,"sceneViewState":{"m_AlwaysRefresh":false,"showFog":true,"showSkybox":true,"showFlares":true,"showImageEffects":true,"showParticleSystems":true,"showVisualEffectGraphs":true,"m_FxEnabled":true},"in2DMode":false,"pivot":{"x":982.0775756835938,"y":440.2497863769531,"z":53.33158874511719},"rotation":{"x":-0.019807374104857446,"y":-0.009900561533868313,"z":0.0001966192212421447,"w":-0.9997579455375671},"size":852.5999755859375,"orthographic":false}