{"cameraMode":{"drawMode":0,"name":"Shaded","section":"Shading Mode"},"sceneLighting":true,"audioPlay":false,"sceneViewState":{"m_AlwaysRefresh":false,"showFog":true,"showSkybox":true,"showFlares":true,"showImageEffects":true,"showParticleSystems":true,"showVisualEffectGraphs":true,"m_FxEnabled":true},"in2DMode":false,"pivot":{"x":419.732177734375,"y":137.14230346679688,"z":-4.73907470703125},"rotation":{"x":0.01879870891571045,"y":0.10180505365133286,"z":-0.0019241385161876679,"w":0.994624674320221},"size":455.07208251953127,"orthographic":false}